{
    "N": 4,
    "mu": [
        0,
        0,
        0,
        0
    ],
    "r": [
        [
            0.0,
            1.0,
            1.0,
            2.0
        ],
        [
            1.0,
            0.0,
            2.0,
            1.0
        ],
        [
            1.0,
            2.0,
            0.0,
            1.0
        ],
        [
            2.0,
            1.0,
            1.0,
            0.0
        ]
    ],
    "y": [
        1.34352719,
        0.76139325,
        0.71234163,
        0.65784715
    ]
}