{
    "N": 10,
    "y": [
        2.484643516373249,
        2.3184024305293534,
        2.5807706968426096,
        2.4062348103908286,
        2.365441126663499,
        2.5262162940307737,
        2.523458841371742,
        2.373847649558265,
        2.439069637211443,
        2.2132315045814597
    ]
}